{"cameraMode":{"drawMode":0,"name":"Shaded","section":"Shading Mode"},"sceneLighting":true,"audioPlay":false,"sceneViewState":{"m_AlwaysRefresh":false,"showFog":true,"showSkybox":true,"showFlares":true,"showImageEffects":true,"showParticleSystems":true,"showVisualEffectGraphs":true,"m_FxEnabled":true},"in2DMode":false,"pivot":{"x":1.3573027849197388,"y":-0.2814817428588867,"z":-1.6805472373962403},"rotation":{"x":-0.038267720490694049,"y":0.9586780071258545,"z":-0.2346048355102539,"w":-0.1563872992992401},"size":3.4841041564941408,"orthographic":false}