{"cameraMode":{"drawMode":0,"name":"Shaded","section":"Shading Mode"},"sceneLighting":true,"audioPlay":false,"sceneViewState":{"m_AlwaysRefresh":false,"showFog":true,"showSkybox":true,"showFlares":true,"showImageEffects":true,"showParticleSystems":true,"showVisualEffectGraphs":true,"m_FxEnabled":true},"in2DMode":false,"pivot":{"x":-27.367944717407228,"y":-16.978116989135743,"z":-132.6808624267578},"rotation":{"x":0.008382407017052174,"y":-0.9919183850288391,"z":0.07085487246513367,"w":0.10681634396314621},"size":69.96223449707031,"orthographic":false}