{"cameraMode":{"drawMode":0,"name":"Shaded","section":"Shading Mode"},"sceneLighting":true,"audioPlay":false,"sceneViewState":{"m_AlwaysRefresh":false,"showFog":true,"showSkybox":true,"showFlares":true,"showImageEffects":true,"showParticleSystems":true,"showVisualEffectGraphs":true,"m_FxEnabled":true},"in2DMode":false,"pivot":{"x":1.5862901210784913,"y":2.8604815006256105,"z":0.1347026824951172},"rotation":{"x":0.008246558718383313,"y":-0.9917280673980713,"z":0.10450415313243866,"w":0.07648029923439026},"size":0.7172555923461914,"orthographic":false}