{"cameraMode":{"drawMode":0,"name":"Shaded","section":"Shading Mode"},"sceneLighting":true,"audioPlay":false,"sceneViewState":{"m_AlwaysRefresh":false,"showFog":true,"showSkybox":true,"showFlares":true,"showImageEffects":true,"showParticleSystems":true,"showVisualEffectGraphs":true,"m_FxEnabled":true},"in2DMode":false,"pivot":{"x":-26.31273078918457,"y":-81.69197845458985,"z":113.22420501708985},"rotation":{"x":0.30346786975860598,"y":-0.15938176214694978,"z":0.051605839282274249,"w":0.9380382299423218},"size":83.18341064453125,"orthographic":false}